Stagione,R,Giocatore,Squadra,Partite,Media_Voto,Fanta Media,Gol_Fatti,Gol_Subiti,Rigori_Parati,Assist,Clean_Sheet,Ammonizioni,Espulsioni
2025/26,P,Carnesecchi,Atalanta,37,"6,36","5,58",0,35,2,0,13,0,0
2025/26,P,Milinkovic-Savic V.,Napoli,27,"6,2","5,65",0,24,3,0,11,0,0
2025/26,P,Svilar,Roma,38,"6,26","5,45",0,31,0,0,18,0,0
2025/26,P,Butez,Como,38,"6,07","5,37",0,29,1,1,19,3,0
2025/26,P,Maignan,Milan,37,"6,26","5,42",0,35,2,0,13,4,0
2025/26,P,Di Gregorio,Juventus,30,"6,08","5,33",0,25,1,0,13,1,0
2025/26,P,Falcone,Lecce,38,"6,41","5,22",0,50,2,0,10,2,0
2025/26,P,Okoye,Udinese,30,"6,07","5,08",0,32,1,1,10,1,1
2025/26,P,Sommer,Inter,33,"5,92","5,02",0,30,0,0,15,0,0
2025/26,P,Caprile,Cagliari,38,"6,29","4,87",0,53,0,0,8,2,0
2025/26,P,Audero,Cremonese,34,"6,21","4,91",0,50,2,0,11,0,0
2025/26,P,De Gea,Fiorentina,37,"6,24",5,0,49,1,0,10,0,0
2025/26,P,Montipò,Verona,35,"6,2","4,94",0,54,3,1,5,0,0
2025/26,P,Skorupski,Bologna,18,"6,19","5,28",0,15,0,0,7,1,1
2025/26,P,Provedel,Lazio,27,"6,26","5,35",0,27,1,0,12,1,0
2025/26,P,Suzuki,Parma,20,"6,02","4,75",0,28,1,0,5,1,0
2025/26,P,Muric,Sassuolo,32,"6,08","4,77",0,43,1,0,6,4,0
2025/26,P,Bijlow,Genoa,16,"6,06","4,78",0,20,0,0,5,1,0
2025/26,P,Leali,Genoa,22,"6,16","4,84",0,27,0,0,4,2,1
2025/26,P,Corvi,Parma,17,"6,18","5,09",0,18,0,0,7,1,0
2025/26,P,Paleari,Torino,29,"6,09","4,52",0,45,0,0,9,1,0
2025/26,P,Perin,Juventus,9,"6,11","5,11",0,9,0,0,2,0,0
2025/26,P,Meret,Napoli,11,"6,23","5,18",0,12,0,1,3,1,0
2025/26,P,Turati,Sassuolo,6,"6,17",5,0,7,0,0,2,0,0
2025/26,P,Semper,Pisa,25,"6,06","4,38",0,42,0,0,4,0,0
2025/26,P,Pessina Mas.,Bologna,4,"6,12","5,62",0,2,0,0,2,0,0
2025/26,P,Martinez Jo.,Inter,5,6,"5,2",0,4,0,0,3,0,0
2025/26,P,Motta,Lazio,9,6,"5,17",0,10,1,0,3,1,0
2025/26,P,Ravaglia F.,Bologna,17,"6,21","4,38",0,29,0,0,2,4,0
2025/26,P,Furlanetto,Lazio,2,"6,5",5,0,3,0,0,0,0,0
2025/26,P,Guaita,Parma,0,0,0,0,0,0,0,0,0,0
2025/26,P,Christensen O.,Fiorentina,1,"7,5","6,5",0,1,0,0,0,0,0
2025/26,P,Rossi F.,Atalanta,0,0,0,0,0,0,0,0,0,0
2025/26,P,Sportiello,Atalanta,1,"5,5","4,5",0,1,0,0,0,0,0
2025/26,P,Ciocci,Cagliari,0,0,0,0,0,0,0,0,0,0
2025/26,P,Radunovic,Cagliari,0,0,0,0,0,0,0,0,0,0
2025/26,P,Vigorito,Como,0,0,0,0,0,0,0,0,0,0
2025/26,P,Nava,Cremonese,0,0,0,0,0,0,0,0,0,0
2025/26,P,Martinelli T.,Fiorentina,0,0,0,0,0,0,0,0,0,0
2025/26,P,Siegrist,Genoa,0,0,0,0,0,0,0,0,0,0
2025/26,P,Sommariva,Genoa,2,"5,75","3,75",0,4,0,0,0,0,0
2025/26,P,Di Gennaro,Inter,1,6,5,0,1,0,0,0,0,0
2025/26,P,Pinsoglio,Juventus,0,0,0,0,0,0,0,0,0,0
2025/26,P,Mandas,Lazio,0,0,0,0,0,0,0,0,0,0
2025/26,P,Fruchtl,Lecce,0,0,0,0,0,0,0,0,0,0
2025/26,P,Samooja,Lecce,0,0,0,0,0,0,0,0,0,0
2025/26,P,Terracciano,Milan,2,6,6,0,0,0,0,1,0,0
2025/26,P,Torriani,Milan,0,0,0,0,0,0,0,0,0,0
2025/26,P,Contini,Napoli,0,0,0,0,0,0,0,0,0,0
2025/26,P,Rinaldi,Parma,1,7,"6,5",0,0,0,0,1,1,0
2025/26,P,Nicolas,Pisa,6,"5,92","3,58",0,14,0,0,0,0,0
2025/26,P,Scuffet,Pisa,7,"6,21","4,07",0,15,0,0,1,0,0
2025/26,P,Zelezny,Roma,0,0,0,0,0,0,0,0,0,0
2025/26,P,Gollini,Roma,0,0,0,0,0,0,0,0,0,0
2025/26,P,Russo A.,Sassuolo,0,0,0,0,0,0,0,0,0,0
2025/26,P,Satalino,Sassuolo,0,0,0,0,0,0,0,0,0,0
2025/26,P,Donnarumma An.,Torino,0,0,0,0,0,0,0,0,0,0
2025/26,P,Israel,Torino,9,"5,89","3,83",0,18,0,0,0,1,0
2025/26,P,Popa,Torino,0,0,0,0,0,0,0,0,0,0
2025/26,P,Padelli,Udinese,2,"6,25","5,25",0,2,0,0,0,0,0
2025/26,P,Sava,Udinese,7,"5,57","3,5",0,14,0,0,1,1,0
2025/26,P,Perilli,Verona,3,"6,17","3,83",0,7,0,0,1,0,0
2025/26,P,Vasquez D.,Roma,0,0,0,0,0,0,0,0,0,0
2025/26,P,Nunziante,Udinese,0,0,0,0,0,0,0,0,0,0
2025/26,P,Lezzerini,Fiorentina,0,0,0,0,0,0,0,0,0,0
2025/26,P,Silvestri,Cremonese,4,"6,38","4,62",0,7,0,0,0,0,0
2025/26,P,Toniolo,Verona,0,0,0,0,0,0,0,0,0,0
2025/26,P,Cavlina,Como,0,0,0,0,0,0,0,0,0,0
2025/26,P,Ferrante,Napoli,0,0,0,0,0,0,0,0,0,0
2025/26,P,Calligaris,Inter,0,0,0,0,0,0,0,0,0,0
2025/26,P,Tornqvist,Como,0,0,0,0,0,0,0,0,0,0
2025/26,P,Sherri,Cagliari,0,0,0,0,0,0,0,0,0,0
2025/26,P,Siviero,Torino,0,0,0,0,0,0,0,0,0,0
2025/26,P,Pannozzo,Lazio,0,0,0,0,0,0,0,0,0,0
2025/26,P,Giacomone,Lazio,0,0,0,0,0,0,0,0,0,0
2025/26,D,Dimarco,Inter,35,"6,6","7,64",7,0,0,17,0,3,0
2025/26,D,Bremer,Juventus,26,"6,33","6,81",4,0,0,3,0,5,0
2025/26,D,Pavlovic,Milan,34,"6,24","6,62",5,0,0,0,0,4,0
2025/26,D,Palestra,Cagliari,37,"6,27","6,42",1,0,0,4,0,3,0
2025/26,D,Kempf,Como,29,"6,12","6,52",4,0,0,1,0,3,0
2025/26,D,Spinazzola,Napoli,30,"6,17","6,55",3,0,0,3,0,1,0
2025/26,D,Scalvini,Atalanta,24,"6,06","6,44",3,0,0,1,0,2,0
2025/26,D,Bisseck,Inter,23,"6,22","6,65",3,0,0,2,0,2,0
2025/26,D,Mancini,Roma,36,"6,25","6,51",4,0,0,2,0,9,0
2025/26,D,Ostigard,Genoa,30,"6,13","6,52",5,0,0,0,0,7,0
2025/26,D,Kalulu,Juventus,37,"6,14","6,35",2,0,0,4,0,2,1
2025/26,D,Celik,Roma,32,"6,17","6,27",1,0,0,2,0,2,1
2025/26,D,Wesley,Roma,30,"6,12","6,47",5,0,0,0,0,5,2
2025/26,D,Solet,Udinese,34,"6,18","6,4",3,0,0,1,0,1,0
2025/26,D,Bastoni,Inter,28,"6,2","6,34",1,0,0,4,0,6,0
2025/26,D,Hermoso,Roma,27,"6,17","6,41",3,0,0,2,0,9,0
2025/26,D,Rensch,Roma,19,"6,16","6,5",1,0,0,4,0,1,0
2025/26,D,Akanji,Inter,32,"6,28","6,41",2,0,0,0,0,4,0
2025/26,D,Zappacosta,Atalanta,35,"6,06","6,3",3,0,0,1,0,3,0
2025/26,D,Dumfries,Inter,19,"6,11","6,58",3,0,0,1,0,2,0
2025/26,D,N'Dicka,Roma,31,"6,08","6,32",3,0,0,1,0,5,0
2025/26,D,Gosens,Fiorentina,25,"5,92","6,28",3,0,0,1,0,2,0
2025/26,D,Vasquez,Genoa,36,"6,08","6,14",1,0,0,0,0,2,0
2025/26,D,Kelly L.,Juventus,35,"6,01","6,07",1,0,0,1,0,4,0
2025/26,D,Rrahmani,Napoli,21,"6,24","6,45",2,0,0,0,0,3,0
2025/26,D,Valeri,Parma,34,"6,06","6,09",0,0,0,2,0,2,0
2025/26,D,Kristensen T.,Udinese,28,"5,98","6,23",3,0,0,0,0,4,0
2025/26,D,Athekame,Milan,17,"5,94","6,32",2,0,0,2,0,3,0
2025/26,D,Holm,Juventus,16,"6,09","6,44",1,0,0,4,0,1,1
2025/26,D,Miranda J.,Bologna,31,6,"6,1",1,0,0,3,0,6,0
2025/26,D,Vojvoda,Como,27,"6,02","6,24",2,0,0,1,0,2,0
2025/26,D,Valle,Como,26,"6,06","6,23",1,0,0,3,0,3,0
2025/26,D,Dodò,Fiorentina,36,"5,99","6,03",1,0,0,2,0,7,0
2025/26,D,Martin,Genoa,29,"5,97","6,1",1,0,0,5,0,2,0
2025/26,D,Carlos Augusto,Inter,28,"6,12","6,16",1,0,0,1,0,6,0
2025/26,D,Tiago Gabriel,Lecce,36,6,"6,01",2,0,0,0,0,7,0
2025/26,D,Gallo,Lecce,37,"5,95","5,99",0,0,0,3,0,3,0
2025/26,D,Bartesaghi,Milan,31,"5,97","6,05",2,0,0,0,0,3,0
2025/26,D,Beukema,Napoli,22,"5,93","6,16",2,0,0,0,0,2,0
2025/26,D,Di Lorenzo,Napoli,26,"6,08","6,33",2,0,0,1,0,1,0
2025/26,D,Delprato,Parma,35,"5,91","6,01",2,0,0,0,0,5,0
2025/26,D,Kabasele,Udinese,28,"5,98","6,18",3,0,0,0,0,5,1
2025/26,D,Ramon,Como,32,"6,16","6,14",2,0,0,0,0,11,1
2025/26,D,Belghali,Verona,26,"6,1","6,21",2,0,0,0,0,6,0
2025/26,D,Gutierrez,Napoli,21,"5,98","6,17",1,0,0,1,0,0,0
2025/26,D,Obrador,Torino,16,"6,06","6,41",1,0,0,3,0,1,0
2025/26,D,Posch,Como,8,"6,06","6,38",1,0,0,0,0,1,0
2025/26,D,Mina,Cagliari,26,6,"6,17",2,0,0,1,0,3,1
2025/26,D,Moreno Alb.,Como,16,"6,06","6,38",2,0,0,1,0,4,0
2025/26,D,Cambiaso,Juventus,36,"5,81","5,99",3,0,0,4,0,3,1
2025/26,D,Baschirotto,Cremonese,29,"5,95","6,12",2,0,0,0,0,2,0
2025/26,D,Angori,Pisa,35,"5,91","5,94",0,0,0,2,0,2,0
2025/26,D,Coco,Torino,35,"5,84","5,91",1,0,0,1,0,3,0
2025/26,D,Bernasconi,Atalanta,22,"6,09","6,16",0,0,0,3,0,3,0
2025/26,D,Luperto,Cremonese,34,"5,84","5,9",1,0,0,1,0,4,0
2025/26,D,Zortea,Bologna,28,"5,86","5,89",0,0,0,2,0,2,0
2025/26,D,Pavard,Inter,1,"6,5","6,5",0,0,0,0,0,0,0
2025/26,D,Gila,Lazio,31,"6,03","5,95",0,0,0,0,0,3,1
2025/26,D,Romagnoli,Lazio,32,"6,03","5,92",0,0,0,0,0,5,1
2025/26,D,Marusic,Lazio,33,"5,86","5,97",1,0,0,2,0,1,1
2025/26,D,Tomori,Milan,32,"5,97","5,88",0,0,0,1,0,6,1
2025/26,D,Buongiorno,Napoli,32,"5,89","5,88",0,0,0,1,0,3,0
2025/26,D,Circati,Parma,31,"5,92","5,92",1,0,0,0,0,6,0
2025/26,D,Muharemovic,Sassuolo,32,"5,91","5,89",2,0,0,1,0,7,0
2025/26,D,Maripan,Torino,26,"5,94","6,1",2,0,0,0,0,4,0
2025/26,D,Ghilardi,Roma,21,"5,98","5,95",0,0,0,0,0,1,0
2025/26,D,Tchatchoua,Verona,0,0,0,0,0,0,0,0,0,0
2025/26,D,Idzes,Sassuolo,35,"5,94","5,9",0,0,0,0,0,3,0
2025/26,D,Diego Carlos,Como,25,"6,14","6,1",1,0,0,0,0,8,0
2025/26,D,Garcia U.,Sassuolo,12,"6,17","6,46",1,0,0,2,0,3,0
2025/26,D,Djimsiti,Atalanta,33,"5,86","5,8",0,0,0,0,0,4,0
2025/26,D,Kolasinac,Atalanta,17,"6,03","5,94",0,0,0,0,0,3,0
2025/26,D,Lucumì,Bologna,28,"5,88","5,89",1,0,0,0,0,5,0
2025/26,D,Obert,Cagliari,34,"5,88","5,82",0,0,0,3,0,8,1
2025/26,D,Marcandalli,Genoa,31,"5,87","5,84",0,0,0,1,0,4,0
2025/26,D,Norton-Cuffy,Genoa,27,"5,93","6,09",2,0,0,1,0,3,1
2025/26,D,Provstgaard,Lazio,23,"5,91","5,85",0,0,0,0,0,3,0
2025/26,D,Terracciano F.,Cremonese,35,"5,86","5,83",2,0,0,0,0,6,0
2025/26,D,Leoni,Parma,0,0,0,0,0,0,0,0,0,0
2025/26,D,Angelino,Roma,6,"5,83","5,67",0,0,0,0,0,2,0
2025/26,D,Pedersen,Torino,28,"5,84","5,96",1,0,0,2,0,3,0
2025/26,D,Ehizibue,Udinese,26,"5,83","5,96",2,0,0,0,0,5,0
2025/26,D,Frese,Verona,31,"5,84","5,84",2,0,0,0,0,8,0
2025/26,D,Hien,Atalanta,28,"5,91","5,86",1,0,0,0,0,5,0
2025/26,D,Kossounou,Atalanta,16,"5,94","6,09",1,0,0,0,0,1,0
2025/26,D,Bellanova,Atalanta,22,"5,82","5,82",0,0,0,1,0,2,0
2025/26,D,Zappa,Cagliari,25,"5,9","5,98",0,0,0,3,0,2,0
2025/26,D,Smolcic I.,Como,25,"5,96","5,84",0,0,0,1,0,8,0
2025/26,D,Barbieri,Cremonese,26,"5,98","5,87",0,0,0,1,0,8,0
2025/26,D,Ranieri L.,Fiorentina,31,"5,85","5,79",1,0,0,0,0,8,1
2025/26,D,Parisi,Fiorentina,23,"6,02","5,98",1,0,0,1,0,6,0
2025/26,D,De Winter,Milan,24,"5,75","5,9",1,0,0,1,0,1,0
2025/26,D,Cabal,Juventus,9,"5,94","6,56",2,0,0,0,0,1,0
2025/26,D,Joao Mario,Bologna,14,"5,79",6,1,0,0,1,0,2,0
2025/26,D,Tavares N.,Lazio,22,"5,91","5,8",0,0,0,0,0,5,0
2025/26,D,Zanoli,Udinese,19,"6,05","6,29",1,0,0,2,0,1,0
2025/26,D,Caracciolo A.,Pisa,35,"5,8","5,77",2,0,0,0,0,10,0
2025/26,D,Ismajli,Torino,24,"5,92","5,9",0,0,0,2,0,5,0
2025/26,D,Kamara H.,Udinese,26,"5,88","5,87",0,0,0,2,0,5,0
2025/26,D,Bradaric,Verona,29,"5,81","5,84",0,0,0,2,0,2,0
2025/26,D,Siebert,Lecce,19,"5,68","5,76",1,0,0,0,0,3,0
2025/26,D,Edmundsson,Verona,15,"5,97","5,73",0,0,0,0,0,3,0
2025/26,D,Idrissi R.,Cagliari,17,"5,82","6,09",2,0,0,0,0,3,0
2025/26,D,Dossena,Cagliari,11,"5,82","5,68",0,0,0,1,0,5,0
2025/26,D,Van Der Brempt,Como,14,"5,96","5,96",0,0,0,1,0,2,0
2025/26,D,Floriani Mussolini,Cremonese,23,"5,72","5,72",0,0,0,1,0,2,0
2025/26,D,Pongracic,Fiorentina,35,"5,84","5,67",0,0,0,0,0,12,0
2025/26,D,Acerbi,Inter,16,"6,03","5,94",0,0,0,0,0,3,0
2025/26,D,Gatti,Juventus,16,"5,94","6,22",2,0,0,0,0,3,0
2025/26,D,Pellegrini Lu.,Lazio,24,"5,85","5,81",1,0,0,0,0,8,0
2025/26,D,Veiga D.,Lecce,36,"5,82","5,69",0,0,0,0,0,9,0
2025/26,D,Gabbia,Milan,29,"5,91","5,84",0,0,0,0,0,4,0
2025/26,D,Jimenez A.,Milan,1,"5,5",5,0,0,0,0,0,1,0
2025/26,D,Olivera,Napoli,22,"5,75","5,68",0,0,0,0,0,3,0
2025/26,D,Valenti,Parma,27,"5,96","5,83",0,0,0,0,0,7,0
2025/26,D,Canestrelli,Pisa,37,"5,69","5,72",1,0,0,0,0,4,0
2025/26,D,Walukiewicz,Sassuolo,34,"5,81","5,74",0,0,0,1,0,7,0
2025/26,D,Bertola,Udinese,25,"5,86","5,84",0,0,0,1,0,3,0
2025/26,D,Ebosse,Torino,16,"5,75","5,72",0,0,0,1,0,4,0
2025/26,D,Cuadrado,Pisa,15,"6,03","6,13",1,0,0,0,0,3,0
2025/26,D,Nelsson,Verona,37,"5,68","5,57",0,0,0,0,0,4,0
2025/26,D,Troilo,Parma,21,"5,79","5,71",1,0,0,0,0,5,2
2025/26,D,Zè Pedro,Cagliari,22,"5,77","5,68",0,0,0,1,0,6,0
2025/26,D,Ahanor,Atalanta,21,"5,79","5,69",0,0,0,0,0,2,1
2025/26,D,Vitik,Bologna,18,"5,94","5,86",0,0,0,0,0,3,0
2025/26,D,Bianchetti,Cremonese,27,"5,72","5,69",0,0,0,1,0,4,0
2025/26,D,Folino,Cremonese,11,"5,77","6,05",1,0,0,0,0,0,0
2025/26,D,Pezzella Giu.,Cremonese,31,"5,68","5,55",0,0,0,1,0,8,1
2025/26,D,Comuzzo,Fiorentina,24,"5,75","5,75",1,0,0,0,0,2,0
2025/26,D,Thiaw,Milan,0,0,0,0,0,0,0,0,0,0
2025/26,D,Juan Jesus,Napoli,21,"5,86","5,62",0,0,0,0,0,8,1
2025/26,D,Mazzocchi,Napoli,9,"5,94","5,94",0,0,0,1,0,0,1
2025/26,D,Salah-Eddine,Roma,0,0,0,0,0,0,0,0,0,0
2025/26,D,Doig,Sassuolo,27,"5,85","5,76",0,0,0,0,0,5,0
2025/26,D,Lazaro,Torino,30,"5,7","5,7",0,0,0,2,0,4,0
2025/26,D,Unai Nunez,Verona,17,"5,85","5,59",0,0,0,0,0,5,0
2025/26,D,Oyegoke,Verona,10,"5,8","5,7",0,0,0,0,0,2,0
2025/26,D,Heggem,Bologna,25,"5,84","5,8",0,0,0,0,0,0,1
2025/26,D,Britschgi,Parma,28,"5,75","5,7",0,0,0,2,0,5,1
2025/26,D,Rodriguez Ju.,Cagliari,16,"5,62","5,72",1,0,0,0,0,3,0
2025/26,D,Coulibaly W.,Sassuolo,18,"5,69","5,64",0,0,0,0,0,2,0
2025/26,D,Erlic,Bologna,0,0,0,0,0,0,0,0,0,0
2025/26,D,De Silvestri,Bologna,10,"6,05","5,95",0,0,0,0,0,2,0
2025/26,D,Azzi,Cremonese,0,0,0,0,0,0,0,0,0,0
2025/26,D,Vogliacco,Genoa,0,0,0,0,0,0,0,0,0,0
2025/26,D,Sabelli,Genoa,13,"5,81","5,65",0,0,0,0,0,0,0
2025/26,D,De Vrij,Inter,8,"6,12","6,06",0,0,0,0,0,1,0
2025/26,D,Darmian,Inter,5,6,6,0,0,0,0,0,0,0
2025/26,D,Savona,Juventus,0,0,0,0,0,0,0,0,0,0
2025/26,D,Patric,Lazio,10,"5,85","5,75",0,0,0,0,0,2,0
2025/26,D,Lazzari,Lazio,17,"5,79","5,74",0,0,0,0,0,2,0
2025/26,D,Marianucci,Torino,11,"5,73","5,73",0,0,0,1,0,2,0
2025/26,D,Balogh,Parma,0,0,0,0,0,0,0,0,0,0
2025/26,D,Calabresi,Pisa,25,"5,74","5,58",0,0,0,0,0,8,0
2025/26,D,Giannetti L.,Udinese,0,0,0,0,0,0,0,0,0,0
2025/26,D,Zemura,Udinese,15,"5,87","5,77",0,0,0,0,0,3,0
2025/26,D,Valentini N.,Verona,19,"5,79","5,58",0,0,0,0,0,6,1
2025/26,D,Bella-Kotchap,Verona,18,"5,83","5,75",0,0,0,0,0,3,0
2025/26,D,Tsimikas,Roma,13,"5,73","5,69",0,0,0,0,0,1,0
2025/26,D,Zatterstrom,Genoa,2,6,6,0,0,0,0,0,0,0
2025/26,D,Carboni F.,Parma,2,6,6,0,0,0,0,0,0,0
2025/26,D,Pedro Felipe,Sassuolo,2,"5,75","6,25",0,0,0,1,0,0,0
2025/26,D,Bonfanti,Pisa,9,"5,61","5,56",0,0,0,0,0,1,0
2025/26,D,Lykogiannis,Bologna,8,"5,62","5,56",0,0,0,1,0,3,0
2025/26,D,Di Pardo,Cagliari,1,"5,5","5,5",0,0,0,0,0,0,0
2025/26,D,Jack,Como,0,0,0,0,0,0,0,0,0,0
2025/26,D,Ravanelli,Cremonese,0,0,0,0,0,0,0,0,0,0
2025/26,D,Marì,Fiorentina,10,"5,45","5,3",0,0,0,0,0,3,0
2025/26,D,Viti,Fiorentina,6,"5,58","5,33",0,0,0,0,0,1,1
2025/26,D,Fortini,Fiorentina,12,"5,96","5,96",0,0,0,0,0,0,0
2025/26,D,Otoa,Genoa,10,"5,6","5,35",0,0,0,0,0,1,0
2025/26,D,Rugani,Fiorentina,8,"5,69","5,56",0,0,0,0,0,2,0
2025/26,D,Gaspar K.,Lecce,21,"5,83","5,64",0,0,0,0,0,6,1
2025/26,D,Jean,Lecce,5,"5,8","5,7",0,0,0,0,0,1,0
2025/26,D,Estupinan,Milan,14,"5,64","5,71",1,0,0,1,0,5,1
2025/26,D,Hainaut,Parma,0,0,0,0,0,0,0,0,0,0
2025/26,D,Lovik,Parma,6,"5,58","5,58",0,0,0,0,0,0,0
2025/26,D,Mateus Lusuardi,Pisa,3,"5,83","5,67",0,0,0,0,0,1,0
2025/26,D,Rus,Pisa,0,0,0,0,0,0,0,0,0,0
2025/26,D,Kumbulla,Roma,0,0,0,0,0,0,0,0,0,0
2025/26,D,Missori,Sassuolo,0,0,0,0,0,0,0,0,0,0
2025/26,D,Masina,Torino,4,"5,38","5,62",0,0,0,1,0,0,0
2025/26,D,Biraghi,Torino,11,"5,59","5,59",0,0,0,0,0,0,0
2025/26,D,Palma,Udinese,4,"5,5","5,5",0,0,0,0,0,0,0
2025/26,D,Slotsager,Verona,6,"5,75","5,75",0,0,0,0,0,0,0
2025/26,D,Ndiaye,Parma,11,"5,59","5,36",0,0,0,0,0,3,1
2025/26,D,Goglichidze,Udinese,6,"5,75","5,58",0,0,0,0,0,2,0
2025/26,D,Cham,Verona,3,"5,17","5,17",0,0,0,0,0,0,0
2025/26,D,Ziolkowski,Roma,9,"5,94","5,78",0,0,0,0,0,3,0
2025/26,D,Nkounkou,Torino,8,"5,81","5,81",0,0,0,1,0,3,0
2025/26,D,Arizala,Udinese,5,"5,8","5,8",0,0,0,0,0,0,0
2025/26,D,Helland,Bologna,6,"5,5","5,33",0,0,0,0,0,2,0
2025/26,D,Lirola,Verona,5,"5,7","5,6",0,0,0,0,0,1,0
2025/26,D,Tchoca,Torino,0,0,0,0,0,0,0,0,0,0
2025/26,D,Mlacic,Udinese,3,"5,83","5,67",0,0,0,0,0,2,0
2025/26,D,Balbo,Fiorentina,4,"5,75","5,75",0,0,0,0,0,0,0
2025/26,D,Casale,Bologna,10,"5,65","5,65",0,0,0,0,0,0,0
2025/26,D,Ilic M.,Bologna,0,0,0,0,0,0,0,0,0,0
2025/26,D,Wieteska,Cagliari,0,0,0,0,0,0,0,0,0,0
2025/26,D,Veroli,Cagliari,0,0,0,0,0,0,0,0,0,0
2025/26,D,Goldaniga,Como,0,0,0,0,0,0,0,0,0,0
2025/26,D,Ceccherini,Cremonese,8,"5,56","5,5",0,0,0,1,0,1,1
2025/26,D,Quagliata,Cremonese,0,0,0,0,0,0,0,0,0,0
2025/26,D,Sernicola,Cremonese,0,0,0,0,0,0,0,0,0,0
2025/26,D,Rouhi,Juventus,0,0,0,0,0,0,0,0,0,0
2025/26,D,Gigot,Lazio,0,0,0,0,0,0,0,0,0,0
2025/26,D,Hysaj,Lazio,2,"5,5","5,5",0,0,0,0,0,0,0
2025/26,D,Perez M.,Lecce,1,5,5,0,0,0,0,0,0,0
2025/26,D,Kouassi,Lecce,4,"5,5","5,5",0,0,0,0,0,0,0
2025/26,D,Ndaba,Lecce,9,"5,5","5,5",0,0,0,0,0,0,0
2025/26,D,Coppola F.,Pisa,5,"5,1","4,9",0,0,0,0,0,3,0
2025/26,D,Mbambi,Pisa,0,0,0,0,0,0,0,0,0,0
2025/26,D,Esteves T.,Pisa,0,0,0,0,0,0,0,0,0,0
2025/26,D,Abdulhamid,Roma,0,0,0,0,0,0,0,0,0,0
2025/26,D,Odenthal,Sassuolo,0,0,0,0,0,0,0,0,0,0
2025/26,D,Romagna,Sassuolo,5,"5,7","5,7",0,0,0,0,0,0,0
2025/26,D,Paz Y.,Sassuolo,0,0,0,0,0,0,0,0,0,0
2025/26,D,Pieragnolo,Sassuolo,0,0,0,0,0,0,0,0,0,0
2025/26,D,Schuurs,Torino,0,0,0,0,0,0,0,0,0,0
2025/26,D,Dembelè A.,Torino,1,5,5,0,0,0,0,0,0,0
2025/26,D,Rui Modesto,Udinese,2,"5,75","6,25",0,0,0,1,0,0,0
2025/26,D,Denoon,Pisa,2,"5,5","5,25",0,0,0,0,0,1,0
2025/26,D,Candè,Sassuolo,8,"5,69","5,56",0,0,0,0,0,2,0
2025/26,D,Godfrey,Atalanta,0,0,0,0,0,0,0,0,0,0
2025/26,D,Kouadio,Fiorentina,1,6,6,0,0,0,0,0,0,0
2025/26,D,Lamptey,Fiorentina,1,6,6,0,0,0,0,0,0,0
2025/26,D,Faye,Cremonese,7,"5,71","5,64",0,0,0,0,0,1,0
2025/26,D,Odogu,Milan,0,0,0,0,0,0,0,0,0,0
2025/26,D,Albiol,Pisa,8,"5,62","5,69",0,0,0,1,0,1,0
2025/26,D,Palacios T.,Inter,0,0,0,0,0,0,0,0,0,0
2025/26,D,Bozhinov,Pisa,8,"5,25","5,06",0,0,0,0,0,1,1
2025/26,D,Raterink,Cagliari,0,0,0,0,0,0,0,0,0,0
2025/26,C,Paz N.,Como,35,"6,37","7,3",12,0,0,5,0,5,0
2025/26,C,McTominay,Napoli,33,"6,39","7,26",10,0,0,2,0,1,0
2025/26,C,Baturina,Como,25,"6,3","7,14",6,0,0,3,0,0,0
2025/26,C,Calhanoglu,Inter,22,"6,52","7,64",9,0,0,4,0,7,0
2025/26,C,Pulisic,Milan,27,"6,15","7,07",8,0,0,4,0,0,0
2025/26,C,Rabiot,Milan,29,"6,33","6,98",6,0,0,4,0,4,1
2025/26,C,De Bruyne,Napoli,17,"6,26","7,24",5,0,0,2,0,1,0
2025/26,C,Da Cunha,Como,35,"6,34","6,91",6,0,0,4,0,4,0
2025/26,C,Zielinski,Inter,30,"6,25","6,8",6,0,0,2,0,3,0
2025/26,C,Atta,Udinese,32,"6,36","6,88",5,0,0,3,0,3,0
2025/26,C,Ndoye,Bologna,0,0,0,0,0,0,0,0,0,0
2025/26,C,Orsolini,Bologna,34,"6,06","6,76",10,0,0,1,0,2,0
2025/26,C,Zaniolo,Udinese,31,"6,26","6,77",5,0,0,5,0,8,0
2025/26,C,Barella,Inter,34,"6,28","6,71",3,0,0,9,0,7,0
2025/26,C,McKennie,Juventus,34,"6,13","6,68",5,0,0,6,0,5,0
2025/26,C,Conceicao,Juventus,30,"6,28","6,7",3,0,0,5,0,3,0
2025/26,C,Modric,Milan,33,"6,45","6,67",2,0,0,3,0,4,0
2025/26,C,Mandragora,Fiorentina,34,"6,04","6,62",7,0,0,2,0,7,0
2025/26,C,Konè I.,Sassuolo,35,"6,19","6,63",6,0,0,0,0,3,1
2025/26,C,Vlasic,Torino,37,"6,03","6,66",8,0,0,3,0,7,0
2025/26,C,Perrone,Como,36,"6,22","6,47",3,0,0,4,0,8,0
2025/26,C,Messias,Genoa,19,"6,18","6,68",3,0,0,1,0,1,0
2025/26,C,Isaksen,Lazio,27,"6,04","6,63",5,0,0,1,0,0,0
2025/26,C,Malinovskyi,Genoa,34,"6,07","6,54",6,0,0,3,0,10,0
2025/26,C,Saelemaekers,Milan,35,"6,14","6,41",3,0,0,3,0,5,0
2025/26,C,Zambo Anguissa,Napoli,18,"6,17","6,86",4,0,0,1,0,1,0
2025/26,C,Bernabè,Parma,32,"6,17","6,48",3,0,0,1,0,0,0
2025/26,C,Thorstvedt,Sassuolo,31,"6,15","6,48",4,0,0,3,0,9,0
2025/26,C,Rowe,Bologna,28,"6,2","6,59",3,0,0,3,0,2,0
2025/26,C,Zalewski,Atalanta,31,"6,1","6,4",2,0,0,5,0,3,0
2025/26,C,Mkhitaryan,Inter,28,"6,21","6,59",4,0,0,1,0,5,0
2025/26,C,Thuram K.,Juventus,34,"6,1","6,4",3,0,0,2,0,2,0
2025/26,C,Pisilli,Roma,22,"6,09","6,48",2,0,0,4,0,3,0
2025/26,C,Ekkelenkamp,Udinese,31,"6,05","6,61",5,0,0,3,0,1,0
2025/26,C,Taylor K.,Lazio,17,"6,06","6,56",3,0,0,2,0,5,0
2025/26,C,Ederson D.S.,Atalanta,30,"6,25","6,43",2,0,0,1,0,3,0
2025/26,C,Bernardeschi,Bologna,24,"6,04","6,56",4,0,0,2,0,3,0
2025/26,C,Odgaard,Bologna,22,"5,91","6,61",5,0,0,1,0,1,0
2025/26,C,Gaetano,Cagliari,32,"6,06","6,31",2,0,0,4,0,4,0
2025/26,C,Caqueret,Como,28,"6,11","6,41",2,0,0,4,0,3,0
2025/26,C,Strefezza,Parma,14,"6,21","6,68",2,0,0,2,0,3,0
2025/26,C,Vazquez,Cremonese,13,"6,15","6,54",1,0,0,2,0,1,0
2025/26,C,Gudmundsson A.,Fiorentina,32,"5,88","6,34",5,0,0,3,0,4,1
2025/26,C,Guendouzi,Lazio,16,"6,16","6,31",2,0,0,0,0,5,1
2025/26,C,Zaccagni,Lazio,26,"5,88","5,96",3,0,0,0,0,6,1
2025/26,C,Coulibaly L.,Lecce,33,"6,05","6,29",3,0,0,1,0,4,0
2025/26,C,Politano,Napoli,33,"6,09","6,36",2,0,0,5,0,4,0
2025/26,C,Cristante,Roma,37,"6,11","6,22",2,0,0,1,0,6,0
2025/26,C,Konè M.,Roma,29,"6,26","6,53",2,0,0,3,0,2,0
2025/26,C,Pellegrini Lo.,Roma,24,"6,04","6,58",4,0,0,2,0,2,0
2025/26,C,Volpato,Sassuolo,21,"6,14","6,52",2,0,0,4,0,4,0
2025/26,C,Casadei,Torino,32,"5,97","6,45",6,0,0,0,0,5,0
2025/26,C,Pasalic,Atalanta,31,"5,94","6,27",3,0,0,3,0,3,0
2025/26,C,Thorsby,Cremonese,21,"6,1","6,48",3,0,0,1,0,4,0
2025/26,C,Locatelli,Juventus,36,"6,26","6,19",1,0,0,2,0,9,0
2025/26,C,Santos A.,Napoli,13,"6,35","7,23",4,0,0,0,0,1,0
2025/26,C,Vandeputte,Cremonese,31,"6,06","6,27",1,0,0,5,0,3,0
2025/26,C,Fagioli,Fiorentina,33,"6,03","6,23",2,0,0,3,0,5,0
2025/26,C,Sucic P.,Inter,28,"6,07","6,27",2,0,0,2,0,5,0
2025/26,C,Cataldi,Lazio,27,"6,07","6,41",3,0,0,3,0,6,0
2025/26,C,Basic,Lazio,23,"6,09","6,43",2,0,0,3,0,0,1
2025/26,C,Ricci S.,Milan,28,6,"6,18",1,0,0,3,0,3,0
2025/26,C,Keita M.,Parma,36,"6,01","6,06",1,0,0,1,0,1,0
2025/26,C,Man,Parma,0,0,0,0,0,0,0,0,0,0
2025/26,C,Harrison,Fiorentina,15,"5,9","6,27",1,0,0,3,0,1,0
2025/26,C,Brescianini,Fiorentina,18,"5,97","6,31",2,0,0,1,0,2,0
2025/26,C,Maldini,Lazio,18,"5,94","6,31",2,0,0,1,0,1,0
2025/26,C,Folorunsho,Cagliari,26,"6,04","6,21",2,0,0,0,0,3,0
2025/26,C,Fofana Y.,Milan,33,"5,85","6,06",2,0,0,3,0,4,0
2025/26,C,Loftus-Cheek,Milan,21,"6,1","6,52",3,0,0,1,0,2,0
2025/26,C,Lobotka,Napoli,31,"6,05","6,1",1,0,0,0,0,3,0
2025/26,C,Neres,Napoli,16,"6,19","6,84",3,0,0,3,0,3,0
2025/26,C,Leris,Pisa,32,"5,94","6,19",2,0,0,3,0,2,0
2025/26,C,Mazzitelli,Cagliari,14,"6,07","6,57",2,0,0,2,0,3,0
2025/26,C,De Roon,Atalanta,34,"5,97",6,1,0,0,2,0,6,1
2025/26,C,Samardzic,Atalanta,21,"5,93","6,29",2,0,0,2,0,1,0
2025/26,C,Moro N.,Bologna,28,"5,93","6,12",2,0,0,0,0,1,0
2025/26,C,Ndour,Fiorentina,30,"5,8","6,07",3,0,0,0,0,2,0
2025/26,C,Frendrup,Genoa,36,"5,96","5,97",1,0,0,0,0,5,0
2025/26,C,Kostic,Juventus,10,"6,2","7,2",3,0,0,1,0,1,0
2025/26,C,El Shaarawy,Roma,18,"6,14","6,33",1,0,0,2,0,4,0
2025/26,C,Baldanzi,Genoa,17,"6,15","6,38",1,0,0,2,0,2,0
2025/26,C,Karlstrom,Udinese,36,"5,96","5,96",1,0,0,0,0,6,0
2025/26,C,Zhegrova,Juventus,12,"5,96","5,96",0,0,0,0,0,1,0
2025/26,C,Gandelman,Lecce,16,"5,97","6,41",2,0,0,1,0,0,0
2025/26,C,Freuler,Bologna,28,"6,02","6,04",1,0,0,2,0,5,0
2025/26,C,Pobega,Bologna,23,"5,83","6,17",3,0,0,1,0,2,1
2025/26,C,Adopo,Cagliari,38,"5,83","5,88",1,0,0,1,0,4,0
2025/26,C,Ellertsson,Genoa,35,"5,84","5,91",1,0,0,1,0,1,1
2025/26,C,Luis Henrique,Inter,27,"5,89","6,06",1,0,0,2,0,1,0
2025/26,C,Ramadani,Lecce,37,"5,91","5,85",1,0,0,0,0,10,0
2025/26,C,El Aynaoui,Roma,21,"5,98","6,1",1,0,0,2,0,5,0
2025/26,C,Fadera,Sassuolo,24,"5,92","6,15",2,0,0,1,0,5,0
2025/26,C,Sottil,Lecce,21,"6,02","6,24",1,0,0,2,0,1,0
2025/26,C,Vergara,Napoli,8,"6,25","6,5",1,0,0,0,0,2,0
2025/26,C,Bailey,Roma,5,"5,7","5,7",0,0,0,0,0,0,0
2025/26,C,Matic,Sassuolo,34,"5,96","5,96",1,0,0,1,0,6,1
2025/26,C,Nicolussi Caviglia,Parma,23,"5,89","6,02",0,0,0,4,0,4,0
2025/26,C,Prati,Torino,32,"5,88","5,88",1,0,0,0,0,6,0
2025/26,C,Felici,Cagliari,11,"6,05","6,55",2,0,0,1,0,3,0
2025/26,C,Weah,Juventus,0,0,0,0,0,0,0,0,0,0
2025/26,C,Miretti,Juventus,15,"5,97","6,2",1,0,0,1,0,1,0
2025/26,C,Berisha M.,Lecce,12,"6,17","6,92",2,0,0,3,0,0,0
2025/26,C,Pierotti,Lecce,37,"5,8","5,85",1,0,0,1,0,4,0
2025/26,C,Gilmour,Napoli,13,"6,08","6,27",1,0,0,0,0,1,0
2025/26,C,Gineitis,Torino,27,"5,87","5,81",0,0,0,1,0,5,0
2025/26,C,Bernede,Verona,31,"5,87",6,1,0,0,2,0,2,0
2025/26,C,Piotrowski,Udinese,30,"5,88","5,95",1,0,0,0,0,2,0
2025/26,C,Miller L.,Udinese,19,"5,92","5,95",0,0,0,2,0,4,0
2025/26,C,Sorensen O.,Parma,30,"5,85","5,95",1,0,0,1,0,2,0
2025/26,C,Ilkhan,Torino,17,"5,82",6,1,0,0,2,0,2,1
2025/26,C,Diouf,Inter,10,"6,15","6,45",1,0,0,0,0,1,0
2025/26,C,Elmas,Napoli,28,"5,8","5,96",1,0,0,3,0,3,0
2025/26,C,Gagliardini,Verona,29,"5,91","5,84",1,0,0,0,0,10,0
2025/26,C,Sulemana I.,Cagliari,18,"5,69","5,78",1,0,0,0,0,3,0
2025/26,C,Aebischer,Pisa,35,"5,8","5,8",1,0,0,1,0,8,0
2025/26,C,Fabbian,Fiorentina,22,"5,8","6,05",2,0,0,0,0,2,0
2025/26,C,Deiola,Cagliari,20,"5,98","5,95",0,0,0,1,0,3,0
2025/26,C,Vecino,Lazio,12,"5,92","5,96",0,0,0,1,0,1,0
2025/26,C,Dele-Bashiru,Lazio,21,"5,69","5,83",1,0,0,0,0,0,0
2025/26,C,Zerbin,Cremonese,29,"5,76","5,79",0,0,0,2,0,2,0
2025/26,C,Ordonez C.,Parma,21,"5,79","5,81",1,0,0,0,0,3,1
2025/26,C,Tramoni M.,Pisa,25,"5,72",6,2,0,0,2,0,3,0
2025/26,C,Lipani,Sassuolo,21,"5,93","5,9",0,0,0,1,0,3,0
2025/26,C,Serdar,Verona,18,"5,97","6,22",2,0,0,0,0,3,0
2025/26,C,Ferguson,Bologna,23,"5,8","5,78",1,0,0,0,0,5,1
2025/26,C,Grassi,Cremonese,28,"5,79","5,7",0,0,0,0,0,3,1
2025/26,C,Zanimacchia,Cremonese,0,0,0,0,0,0,0,0,0,0
2025/26,C,Masini,Genoa,21,"5,98","5,9",0,0,0,1,0,5,0
2025/26,C,Maleh,Cremonese,21,"5,69","5,71",1,0,0,0,0,3,1
2025/26,C,Bondo,Cremonese,27,"5,85","5,76",0,0,0,0,0,5,0
2025/26,C,Musah,Atalanta,16,"5,94","6,09",1,0,0,0,0,1,0
2025/26,C,Estevez,Parma,22,"5,8","5,8",0,0,0,1,0,2,0
2025/26,C,Tourè I.,Pisa,30,"5,82","5,82",1,0,0,0,0,4,1
2025/26,C,Akinsanmiro,Pisa,23,"5,8","5,8",0,0,0,1,0,2,0
2025/26,C,Payero,Cremonese,25,"5,9","5,86",1,0,0,0,0,8,0
2025/26,C,Akpa Akpro,Verona,22,"5,86","5,8",1,0,0,0,0,9,0
2025/26,C,Ngom,Lecce,13,"5,69","5,65",0,0,0,0,0,1,0
2025/26,C,Loyola,Pisa,11,"5,55","5,73",1,0,0,0,0,0,1
2025/26,C,Amorim,Genoa,9,"5,72","5,67",0,0,0,0,0,1,0
2025/26,C,Carboni V.,Genoa,10,"5,7","5,6",0,0,0,0,0,2,0
2025/26,C,Frattesi,Inter,14,"5,89","5,89",0,0,0,0,0,0,0
2025/26,C,Koopmeiners,Juventus,29,"5,64","5,55",0,0,0,0,0,5,0
2025/26,C,Chukwueze,Milan,1,"5,5","5,5",0,0,0,0,0,0,0
2025/26,C,Sohm,Bologna,24,"5,65","5,62",0,0,0,1,0,3,0
2025/26,C,Piccinini G.,Pisa,22,"5,77","5,7",0,0,0,0,0,3,0
2025/26,C,Ghion,Sassuolo,0,0,0,0,0,0,0,0,0,0
2025/26,C,Harroui,Verona,17,"5,74","5,85",1,0,0,0,0,3,0
2025/26,C,Suslov,Verona,10,"5,75","5,6",0,0,0,0,0,1,1
2025/26,C,Jashari,Milan,12,"5,71","5,79",0,0,0,1,0,0,0
2025/26,C,Oristanio,Parma,18,"5,78","5,92",1,0,0,0,0,1,0
2025/26,C,Zaragoza,Roma,3,"5,83",6,0,0,0,1,0,1,0
2025/26,C,El Azzouzi,Bologna,0,0,0,0,0,0,0,0,0,0
2025/26,C,Sergi Roberto,Como,13,"5,85","5,73",0,0,0,0,0,3,0
2025/26,C,Castagnetti,Cremonese,0,0,0,0,0,0,0,0,0,0
2025/26,C,Fazzini,Fiorentina,12,"5,88","5,83",0,0,0,0,0,2,0
2025/26,C,Douglas Luiz,Juventus,0,0,0,0,0,0,0,0,0,0
2025/26,C,Belahyane,Lazio,11,"5,77","5,82",0,0,0,2,0,1,1
2025/26,C,Kaba,Lecce,11,"5,77","5,73",0,0,0,0,0,1,0
2025/26,C,Tete Morente,Lecce,15,"5,57","5,57",0,0,0,1,0,2,0
2025/26,C,Ondrejka,Parma,15,"5,7","5,63",0,0,0,0,0,2,0
2025/26,C,Hojholt,Pisa,15,"5,57","5,5",0,0,0,0,0,2,0
2025/26,C,Vural,Pisa,14,"5,79","5,64",0,0,0,0,0,4,0
2025/26,C,Iannoni,Sassuolo,5,6,"6,5",1,0,0,0,0,3,0
2025/26,C,Zarraga,Udinese,10,"5,75","5,7",0,0,0,0,0,2,0
2025/26,C,Lovric,Verona,10,"5,75","5,75",0,0,0,1,0,2,0
2025/26,C,Lorran,Pisa,4,"5,88","6,62",1,0,0,0,0,0,0
2025/26,C,Sarmiento J.,Cremonese,5,"5,9","5,9",0,0,0,0,0,0,0
2025/26,C,Iling Junior,Pisa,3,"5,83","5,83",0,0,0,0,0,0,0
2025/26,C,Engelhardt,Como,0,0,0,0,0,0,0,0,0,0
2025/26,C,Collocolo,Cremonese,5,"5,9","5,8",0,0,0,0,0,1,0
2025/26,C,Pickel,Cremonese,0,0,0,0,0,0,0,0,0,0
2025/26,C,Richardson,Fiorentina,1,"5,5","5,5",0,0,0,0,0,0,0
2025/26,C,Sabiri,Fiorentina,1,"5,5","5,5",0,0,0,0,0,0,0
2025/26,C,Venturino,Roma,7,"5,86","5,86",0,0,0,0,0,0,0
2025/26,C,Gronbaek,Genoa,2,"5,5","5,25",0,0,0,0,0,1,0
2025/26,C,Asllani,Torino,14,"5,57","5,25",0,0,0,0,0,3,0
2025/26,C,Rovella,Lazio,11,"5,73","5,64",0,0,0,1,0,2,1
2025/26,C,Helgason,Lecce,4,"5,62","5,62",0,0,0,0,0,0,0
2025/26,C,Hernani,Parma,3,"5,67","5,67",0,0,0,0,0,0,0
2025/26,C,Marin M.,Pisa,20,"5,88","5,7",0,0,0,0,0,7,0
2025/26,C,Boloca,Sassuolo,2,"5,75","5,75",0,0,0,0,0,0,0
2025/26,C,Anjorin,Torino,9,"5,78","5,72",0,0,0,0,0,1,0
2025/26,C,Niasse,Verona,16,"5,69","5,72",0,0,0,1,0,1,0
2025/26,C,Fini,Genoa,1,"5,5","5,5",0,0,0,0,0,0,0
2025/26,C,Gorter,Lecce,1,"5,5","5,5",0,0,0,0,0,0,0
2025/26,C,Al-Musrati,Verona,14,"5,71","5,57",0,0,0,1,0,4,1
2025/26,C,Cornet,Genoa,5,"5,1","4,5",0,0,0,0,0,0,0
2025/26,C,Bakola,Sassuolo,3,"6,17","6,17",0,0,0,0,0,0,0
2025/26,C,Liteta,Cagliari,4,"5,75","5,75",0,0,0,0,0,0,0
2025/26,C,Braunoder,Como,0,0,0,0,0,0,0,0,0,0
2025/26,C,Alli,Como,0,0,0,0,0,0,0,0,0,0
2025/26,C,Valoti,Cremonese,0,0,0,0,0,0,0,0,0,0
2025/26,C,Bianco,Fiorentina,0,0,0,0,0,0,0,0,0,0
2025/26,C,Stanciu,Genoa,4,"5,5","4,75",0,0,0,0,0,0,0
2025/26,C,Pierret,Lecce,1,6,6,0,0,0,0,0,0,0
2025/26,C,Rafia,Lecce,0,0,0,0,0,0,0,0,0,0
2025/26,C,Marchwinski,Lecce,0,0,0,0,0,0,0,0,0,0
2025/26,C,Liberali,Milan,0,0,0,0,0,0,0,0,0,0
2025/26,C,Arena,Pisa,0,0,0,0,0,0,0,0,0,0
2025/26,C,Tameze,Torino,17,"5,65","5,59",0,0,0,0,0,3,0
2025/26,C,Ilic,Torino,8,6,"5,88",0,0,0,0,0,2,0
2025/26,C,Pafundi,Udinese,0,0,0,0,0,0,0,0,0,0
2025/26,C,Santiago,Verona,0,0,0,0,0,0,0,0,0,0
2025/26,C,Kastanos,Verona,1,6,6,0,0,0,0,0,0,0
2025/26,C,Cissè A.,Verona,0,0,0,0,0,0,0,0,0,0
2025/26,C,Rog,Cagliari,0,0,0,0,0,0,0,0,0,0
2025/26,C,Adzic,Juventus,4,"6,12","6,88",1,0,0,0,0,0,0
2025/26,C,Cuenca H.,Genoa,0,0,0,0,0,0,0,0,0,0
2025/26,C,Vranckx,Sassuolo,14,"5,64","5,57",0,0,0,0,0,2,0
2025/26,C,Sala A.,Lecce,4,"5,75",6,0,0,0,1,0,0,0
2025/26,C,Stengs,Pisa,1,"5,5","5,5",0,0,0,0,0,0,0
2025/26,C,Onana J.,Genoa,2,"5,75","5,75",0,0,0,0,0,0,0
2025/26,C,Cremaschi,Parma,1,6,6,0,0,0,0,0,0,0
2025/26,C,Fofana Sa.,Lecce,2,"5,5","5,5",0,0,0,0,0,0,0
2025/26,C,Przyborek,Lazio,0,0,0,0,0,0,0,0,0,0
2025/26,C,Lahdo,Como,0,0,0,0,0,0,0,0,0,0
2025/26,A,Martinez L.,Inter,30,"6,42","8,25",17,0,0,6,0,4,0
2025/26,A,Thuram,Inter,29,"6,43","7,95",13,0,0,6,0,2,0
2025/26,A,Hojlund,Napoli,33,"6,21","7,44",12,0,0,5,0,1,0
2025/26,A,Douvikas,Como,36,"6,18","7,38",14,0,0,1,0,0,0
2025/26,A,Yildiz,Juventus,35,"6,39","7,3",10,0,0,6,0,2,0
2025/26,A,Berardi,Sassuolo,26,"6,31","7,19",8,0,0,4,0,2,1
2025/26,A,Malen,Roma,18,"6,72","8,97",14,0,0,2,0,1,0
2025/26,A,Krstovic,Atalanta,32,"6,16","7,19",10,0,0,5,0,4,0
2025/26,A,Davis K.,Udinese,30,"6,32","7,37",10,0,0,4,0,5,0
2025/26,A,Scamacca,Atalanta,22,"6,18","7,55",10,0,0,1,0,2,0
2025/26,A,Bonazzoli,Cremonese,35,"6,16","7,01",10,0,0,2,0,4,0
2025/26,A,Esposito F.P.,Inter,31,"6,26","7,02",7,0,0,3,0,1,0
2025/26,A,Simeone,Torino,32,"6,08","7,09",11,0,0,0,0,1,0
2025/26,A,Esposito Se.,Cagliari,36,"6,26","6,88",7,0,0,4,0,6,0
2025/26,A,Laurientè,Sassuolo,37,"6,23","6,99",7,0,0,9,0,4,0
2025/26,A,Bonny,Inter,27,"6,15","6,83",5,0,0,4,0,1,0
2025/26,A,Leao,Milan,28,"5,88","6,86",9,0,0,3,0,5,0
2025/26,A,Soulè,Roma,32,"6,12","6,83",6,0,0,5,0,1,0
2025/26,A,Castellanos,Lazio,11,"6,09","6,82",2,0,0,3,0,2,0
2025/26,A,Pellegrino M.,Parma,37,"5,99","6,65",9,0,0,0,0,5,0
2025/26,A,Nkunku,Milan,26,"5,94","6,87",7,0,0,3,0,0,0
2025/26,A,Castro S.,Bologna,35,"5,93","6,51",7,0,0,1,0,3,0
2025/26,A,De Ketelaere,Atalanta,31,"6,21","6,6",3,0,0,5,0,4,0
2025/26,A,Kean,Fiorentina,26,"5,88","6,77",8,0,0,1,0,4,0
2025/26,A,Vlahovic,Juventus,18,"6,14","7,31",7,0,0,0,0,0,0
2025/26,A,Pedro,Lazio,23,"6,13","6,78",5,0,0,2,0,4,0
2025/26,A,Moreo,Pisa,35,"5,99","6,56",7,0,0,0,0,2,0
2025/26,A,Pinamonti,Sassuolo,34,"5,88","6,62",9,0,0,3,0,2,1
2025/26,A,Adams C.,Torino,32,"5,98","6,64",6,0,0,3,0,0,0
2025/26,A,Thauvin,Udinese,0,0,0,0,0,0,0,0,0,0
2025/26,A,Vardy,Cremonese,29,"5,95","6,62",7,0,0,1,0,5,0
2025/26,A,Rodriguez Je.,Como,28,"6,25","6,66",2,0,0,8,0,3,1
2025/26,A,Banda,Lecce,32,"6,08","6,55",5,0,0,4,0,6,1
2025/26,A,Raspadori,Atalanta,13,"6,12","6,88",3,0,0,1,0,0,0
2025/26,A,Lukaku,Napoli,1,7,"9,5",1,0,0,0,0,1,0
2025/26,A,Lookman,Atalanta,10,"5,8","6,4",2,0,0,0,0,0,0
2025/26,A,Colombo,Genoa,37,"5,92","6,41",7,0,0,1,0,2,0
2025/26,A,Noslin,Lazio,23,"6,02","6,5",4,0,0,2,0,4,1
2025/26,A,Orban G.,Verona,28,"5,82","6,54",7,0,0,2,0,4,1
2025/26,A,Vitinha O.,Genoa,31,"5,95","6,39",5,0,0,1,0,5,0
2025/26,A,David,Juventus,30,"5,77","6,33",6,0,0,2,0,0,0
2025/26,A,Lang,Napoli,14,"6,04","6,32",1,0,0,2,0,2,0
2025/26,A,Dybala,Roma,21,"6,26","6,74",2,0,0,7,0,0,0
2025/26,A,Giovane,Napoli,31,6,"6,45",3,0,0,6,0,2,0
2025/26,A,Kilicsoy,Cagliari,16,"6,03","6,78",4,0,0,0,0,1,0
2025/26,A,Cambiaghi,Bologna,24,"5,98","6,42",3,0,0,4,0,3,1
2025/26,A,Diao,Como,16,6,"6,38",2,0,0,1,0,2,0
2025/26,A,Ekuban,Genoa,28,"5,96","6,43",4,0,0,1,0,0,0
2025/26,A,Gimenez,Milan,15,"5,5","5,53",0,0,0,1,0,2,0
2025/26,A,Borrelli,Cagliari,26,"5,92","6,46",5,0,0,1,0,4,0
2025/26,A,Gonzalez N.,Juventus,0,0,0,0,0,0,0,0,0,0
2025/26,A,Cancellieri,Lazio,28,"5,93","6,29",4,0,0,1,0,6,0
2025/26,A,Cheddira,Lecce,24,"5,81","6,31",4,0,0,1,0,3,0
2025/26,A,Boga,Juventus,13,"6,19","7,15",4,0,0,1,0,1,0
2025/26,A,Okereke,Cremonese,10,"5,9","6,5",2,0,0,0,0,0,0
2025/26,A,Ekhator,Genoa,25,"5,96","6,28",3,0,0,0,0,3,0
2025/26,A,Dovbyk,Roma,13,6,"6,77",3,0,0,1,0,0,0
2025/26,A,Ferguson E.,Roma,14,"6,11","6,86",3,0,0,2,0,1,0
2025/26,A,Nzola,Sassuolo,27,"5,96","6,26",4,0,0,1,0,2,1
2025/26,A,Fullkrug,Milan,19,"5,76","5,76",1,0,0,0,0,0,0
2025/26,A,Durosinmi,Pisa,10,"5,7",6,1,0,0,1,0,1,1
2025/26,A,Bowie,Verona,14,"5,96","6,79",4,0,0,0,0,1,0
2025/26,A,Sulemana K.,Atalanta,21,6,"6,24",2,0,0,1,0,4,0
2025/26,A,Piccoli,Fiorentina,27,"5,78","6,24",4,0,0,1,0,1,0
2025/26,A,Ngonge,Torino,17,"5,82",6,1,0,0,1,0,2,0
2025/26,A,Ratkov,Lazio,7,"5,64","5,64",0,0,0,0,0,0,0
2025/26,A,Benedyczak,Parma,10,"5,95","6,3",1,0,0,1,0,1,0
2025/26,A,Zapata D.,Torino,23,"5,83","6,13",3,0,0,1,0,0,0
2025/26,A,Stulic,Lecce,30,"5,73","6,12",4,0,0,0,0,1,0
2025/26,A,Solomon,Fiorentina,13,"5,96","6,46",2,0,0,1,0,1,0
2025/26,A,Vaz,Roma,7,"5,93","6,36",1,0,0,0,0,0,0
2025/26,A,Tourè E.,Atalanta,0,0,0,0,0,0,0,0,0,0
2025/26,A,Johnsen,Cremonese,9,"5,83","6,28",1,0,0,1,0,0,0
2025/26,A,N'Dri,Lecce,17,"5,82","6,09",2,0,0,0,0,3,0
2025/26,A,Buksa,Udinese,21,"5,88","6,24",3,0,0,0,0,3,0
2025/26,A,Dallinga,Bologna,19,"5,82","6,13",2,0,0,1,0,2,0
2025/26,A,Addai,Como,12,"5,96","6,54",3,0,0,0,0,4,0
2025/26,A,Cutrone,Parma,14,"5,71","5,93",1,0,0,0,0,0,0
2025/26,A,Beltran L.,Fiorentina,0,0,0,0,0,0,0,0,0,0
2025/26,A,Dia,Lazio,25,"5,68","5,86",1,0,0,2,0,1,0
2025/26,A,Njie,Torino,10,"5,8","6,15",1,0,0,1,0,2,0
2025/26,A,Sanchez,Udinese,0,0,0,0,0,0,0,0,0,0
2025/26,A,Elphege,Parma,8,6,"6,88",2,0,0,1,0,0,0
2025/26,A,Kuhn,Como,14,"5,96","6,25",1,0,0,1,0,0,0
2025/26,A,Lucca,Napoli,9,"5,72",6,1,0,0,0,0,1,0
2025/26,A,Djuric,Cremonese,9,6,6,0,0,0,1,0,2,0
2025/26,A,Meister,Pisa,27,"5,65","5,83",2,0,0,0,0,2,0
2025/26,A,Mulattieri,Sassuolo,0,0,0,0,0,0,0,0,0,0
2025/26,A,Belotti,Cagliari,4,"6,12","7,62",2,0,0,0,0,0,0
2025/26,A,Gueye,Udinese,13,"5,77","5,92",1,0,0,0,0,2,0
2025/26,A,Mendy P.,Cagliari,8,"5,94","6,62",2,0,0,0,0,1,0
2025/26,A,Immobile,Bologna,6,"5,58","5,5",0,0,0,0,0,1,0
2025/26,A,Taremi,Inter,0,0,0,0,0,0,0,0,0,0
2025/26,A,Okafor,Milan,0,0,0,0,0,0,0,0,0,0
2025/26,A,Lind,Pisa,0,0,0,0,0,0,0,0,0,0
2025/26,A,Sanabria,Cremonese,23,"5,76","5,89",1,0,0,1,0,2,0
2025/26,A,Bravo,Udinese,4,6,"6,62",1,0,0,0,0,1,0
2025/26,A,Sarr A.,Verona,29,"5,67","5,64",0,0,0,0,0,0,1
2025/26,A,Mosquera,Verona,14,"5,96","6,07",0,0,0,2,0,1,0
2025/26,A,Openda,Juventus,14,"5,79",6,1,0,0,0,0,0,0
2025/26,A,Stojilkovic,Pisa,12,"5,58","5,58",0,0,0,0,0,0,0
2025/26,A,Kulenovic,Torino,7,"5,71","5,79",0,0,0,1,0,2,0
2025/26,A,Dominguez B.,Bologna,12,"5,83","6,04",0,0,0,3,0,1,0
2025/26,A,Karlsson,Bologna,0,0,0,0,0,0,0,0,0,0
2025/26,A,Luvumbo,Cagliari,10,"5,8","5,8",0,0,0,0,0,0,0
2025/26,A,Pavoletti,Cagliari,6,6,"6,42",1,0,0,0,0,1,0
2025/26,A,De Luca,Cremonese,1,7,10,1,0,0,0,0,0,0
2025/26,A,Dzeko,Fiorentina,8,"5,62","5,56",0,0,0,0,0,1,0
2025/26,A,Almqvist,Parma,9,"5,94","6,06",0,0,0,1,0,0,0
2025/26,A,Brenner,Udinese,0,0,0,0,0,0,0,0,0,0
2025/26,A,Rocha Livramento,Verona,0,0,0,0,0,0,0,0,0,0
2025/26,A,Camarda,Lecce,18,"5,67","5,64",1,0,0,0,0,1,0
2025/26,A,Pierini,Sassuolo,4,6,"5,88",0,0,0,0,0,1,0
2025/26,A,Alvarez A.,Sassuolo,0,0,0,0,0,0,0,0,0,0
2025/26,A,Bayo V.,Udinese,12,"5,75","5,83",0,0,0,1,0,0,0
2025/26,A,Morata,Como,17,"5,5","5,21",0,0,0,0,0,2,1
2025/26,A,Braschi,Fiorentina,2,"5,75","5,75",0,0,0,0,0,0,0
2025/26,A,Ambrosino,Napoli,1,"5,5","5,5",0,0,0,0,0,0,0
2025/26,A,Moumbagna,Cremonese,5,"5,6","5,6",0,0,0,0,0,0,0
2025/26,A,Albarracin,Cagliari,2,6,6,0,0,0,0,0,0,0
2025/26,A,Mikolajewski,Parma,1,6,6,0,0,0,0,0,0,0
2025/26,A,Azon,Como,0,0,0,0,0,0,0,0,0,0
2025/26,A,Gabrielloni,Como,0,0,0,0,0,0,0,0,0,0
2025/26,A,Nasti,Cremonese,0,0,0,0,0,0,0,0,0,0
2025/26,A,Milik,Juventus,2,6,6,0,0,0,0,0,0,0
2025/26,A,Buffon L.,Pisa,0,0,0,0,0,0,0,0,0,0
2025/26,A,Bonfanti N.,Pisa,0,0,0,0,0,0,0,0,0,0
2025/26,A,Moro L.,Sassuolo,6,"5,58","5,5",0,0,0,0,0,1,0
2025/26,A,Skjellerup,Sassuolo,0,0,0,0,0,0,0,0,0,0
2025/26,A,Pizarro,Udinese,0,0,0,0,0,0,0,0,0,0
2025/26,A,Aboukhlal,Torino,11,"5,77","5,64",0,0,0,0,0,4,0
2025/26,A,Frigan,Parma,0,0,0,0,0,0,0,0,0,0
2025/26,A,Kouamè,Fiorentina,1,6,6,0,0,0,0,0,0,0
2025/26,A,Balentien,Milan,0,0,0,0,0,0,0,0,0,0
2025/26,A,Arena A.,Roma,1,6,6,0,0,0,0,0,0,0
2025/26,A,Isaac,Verona,1,6,6,0,0,0,0,0,0,0
2025/26,A,Trepy,Cagliari,3,"5,67","5,67",0,0,0,0,0,0,0
2025/26,A,Vermesan,Verona,1,"6,5","6,5",0,0,0,0,0,0,0
2025/26,A,Mosconi,Inter,0,0,0,0,0,0,0,0,0,0